"geoid","totale"
"01001",0
"39119",0
"39121",0
"39123",0
"39125",0
"39131",0
"39135",0
"39137",0
"39145",0
"39149",0
"39157",0
"39161",0
"39163",0
"39169",0
"39171",0
"39175",0
"40001",0
"40003",0
"40005",0
"40007",0
"40009",0
"40011",0
"40013",0
"40015",0
"40019",0
"40021",0
"40023",0
"40025",0
"40029",0
"40031",0
"40033",0
"40035",0
"40041",0
"40043",0
"40045",0
"40049",0
"40051",0
"40053",0
"40055",0
"40057",0
"40059",0
"40061",0
"40063",0
"40065",0
"40067",0
"40069",0
"40071",0
"40073",0
"40075",0
"40077",0
"40079",0
"40083",0
"40085",0
"40087",0
"40089",0
"40091",0
"40093",0
"40095",0
"40097",0
"40099",0
"40103",0
"40105",0
"40107",0
"40111",0
"40113",0
"40115",0
"40117",0
"40119",0
"40121",0
"40123",0
"40125",0
"40127",0
"40129",0
"40131",0
"40133",0
"40135",0
"40137",0
"40139",0
"40141",0
"40147",0
"40149",0
"40151",0
"40153",0
"41001",0
"41013",0
"41015",0
"41017",0
"41021",0
"41023",0
"41025",0
"41027",0
"41031",0
"41035",0
"41037",0
"41045",0
"41049",0
"41053",0
"41055",0
"41057",0
"41059",0
"41061",0
"41063",0
"41065",0
"41069",0
"41071",0
"42005",0
"42009",0
"42011",0
"42015",0
"42021",0
"42023",0
"42027",0
"42031",0
"42037",0
"42039",0
"42047",0
"42053",0
"42057",0
"42059",0
"42061",0
"42063",0
"42065",0
"42067",0
"42075",0
"42081",0
"42083",0
"42087",0
"42093",0
"42097",0
"42099",0
"42103",0
"42105",0
"42107",0
"42109",0
"42111",0
"42113",0
"42115",0
"42117",0
"42119",0
"42121",0
"42123",0
"42127",0
"42131",0
"44001",0
"45001",0
"45005",0
"45009",0
"45011",0
"45015",0
"45017",0
"45021",0
"45023",0
"45025",0
"45027",0
"45029",0
"45033",0
"45039",0
"45047",0
"45049",0
"45053",0
"45055",0
"45059",0
"45061",0
"45065",0
"45067",0
"45069",0
"45071",0
"45073",0
"45075",0
"45077",0
"45079",0
"45081",0
"45085",0
"45087",0
"45089",0
"46003",0
"46005",0
"46007",0
"46009",0
"46013",0
"46015",0
"46017",0
"46019",0
"46021",0
"46023",0
"46025",0
"46027",0
"46029",0
"46031",0
"46033",0
"46035",0
"46037",0
"46039",0
"46041",0
"46043",0
"46045",0
"46047",0
"46049",0
"46051",0
"46053",0
"46055",0
"46057",0
"46059",0
"46061",0
"46063",0
"46065",0
"46067",0
"46069",0
"46071",0
"46073",0
"46075",0
"46077",0
"46079",0
"46081",0
"46083",0
"46087",0
"46089",0
"46091",0
"46093",0
"46095",0
"46097",0
"46101",0
"46102",0
"46103",0
"46105",0
"46107",0
"46109",0
"46111",0
"46115",0
"46117",0
"46119",0
"46121",0
"46123",0
"46125",0
"46127",0
"46129",0
"46137",0
"47001",0
"47003",0
"47005",0
"47007",0
"47011",0
"47015",0
"47017",0
"47021",0
"47023",0
"47025",0
"47027",0
"47029",0
"47031",0
"47033",0
"47039",0
"47041",0
"47043",0
"47045",0
"47047",0
"47049",0
"47051",0
"47053",0
"47055",0
"47057",0
"47061",0
"47067",0
"47069",0
"47071",0
"47075",0
"47079",0
"47081",0
"47083",0
"47085",0
"47087",0
"47089",0
"47091",0
"47095",0
"47097",0
"47099",0
"47101",0
"47103",0
"47105",0
"47107",0
"47109",0
"47111",0
"47115",0
"47117",0
"47121",0
"47123",0
"47127",0
"47129",0
"47131",0
"47133",0
"47135",0
"47137",0
"47139",0
"47145",0
"47147",0
"47151",0
"47153",0
"47159",0
"47161",0
"47169",0
"47173",0
"47175",0
"47177",0
"47181",0
"47183",0
"47185",0
"48001",0
"48005",0
"48007",0
"48009",0
"48011",0
"48013",0
"48015",0
"48017",0
"48019",0
"48021",0
"48023",0
"48025",0
"48031",0
"48033",0
"48035",0
"48037",0
"48043",0
"48045",0
"48047",0
"48049",0
"48051",0
"48059",0
"48063",0
"48065",0
"48067",0
"48069",0
"48071",0
"48073",0
"48075",0
"48077",0
"48079",0
"48081",0
"48083",0
"48087",0
"48089",0
"48093",0
"48095",0
"48097",0
"48101",0
"48103",0
"48105",0
"48107",0
"48109",0
"48111",0
"48115",0
"48117",0
"48119",0
"48123",0
"48125",0
"48127",0
"48129",0
"48131",0
"48137",0
"48145",0
"48147",0
"48149",0
"48151",0
"48153",0
"48155",0
"48159",0
"48161",0
"48163",0
"48165",0
"48169",0
"48171",0
"48173",0
"48175",0
"48177",0
"48179",0
"48185",0
"48187",0
"48189",0
"48191",0
"48193",0
"48197",0
"48203",0
"48205",0
"48207",0
"48209",0
"48211",0
"48217",0
"48219",0
"48221",0
"48223",0
"48225",0
"48227",0
"48229",0
"48233",0
"48235",0
"48237",0
"48239",0
"48241",0
"48243",0
"48247",0
"48249",0
"48253",0
"48255",0
"48259",0
"48261",0
"48263",0
"48267",0
"48269",0
"48271",0
"48275",0
"48277",0
"48279",0
"48283",0
"48285",0
"48287",0
"48289",0
"48291",0
"48293",0
"48295",0
"48297",0
"48299",0
"48301",0
"48305",0
"48307",0
"48311",0
"48313",0
"48315",0
"48317",0
"48319",0
"48321",0
"48323",0
"48325",0
"48327",0
"48331",0
"48333",0
"48335",0
"48341",0
"48343",0
"48345",0
"48349",0
"48351",0
"48353",0
"48357",0
"48359",0
"48363",0
"48365",0
"48367",0
"48369",0
"48371",0
"48373",0
"48377",0
"48379",0
"48381",0
"48383",0
"48385",0
"48387",0
"48389",0
"48391",0
"48393",0
"48395",0
"48399",0
"48401",0
"48403",0
"48405",0
"48407",0
"48409",0
"48411",0
"48413",0
"48415",0
"48417",0
"48419",0
"48421",0
"48425",0
"48427",0
"48429",0
"48431",0
"48433",0
"48435",0
"48437",0
"48443",0
"48445",0
"48447",0
"48449",0
"48451",0
"48457",0
"48459",0
"48461",0
"48463",0
"48467",0
"48469",0
"48471",0
"48475",0
"48479",0
"48481",0
"48483",0
"48487",0
"48489",0
"48493",0
"48495",0
"48497",0
"48499",0
"48501",0
"48503",0
"48505",0
"48507",0
"49001",0
"49003",0
"49005",0
"49007",0
"49009",0
"49013",0
"49015",0
"49017",0
"49019",0
"49021",0
"49023",0
"49025",0
"49027",0
"49029",0
"49031",0
"49033",0
"49037",0
"49039",0
"49041",0
"49043",0
"49045",0
"49047",0
"49055",0
"50001",0
"50003",0
"50005",0
"50009",0
"50011",0
"50013",0
"50015",0
"50017",0
"50019",0
"50021",0
"50025",0
"50027",0
"51001",0
"51003",0
"51005",0
"51007",0
"51009",0
"51011",0
"51015",0
"51017",0
"51019",0
"51021",0
"51023",0
"51025",0
"51027",0
"51029",0
"51031",0
"51033",0
"51035",0
"51036",0
"51037",0
"51043",0
"51045",0
"51047",0
"51049",0
"51051",0
"51053",0
"51057",0
"51063",0
"51067",0
"51069",0
"51071",0
"51073",0
"51075",0
"51077",0
"51079",0
"51081",0
"51083",0
"51089",0
"51091",0
"51093",0
"51095",0
"51097",0
"51099",0
"51101",0
"51103",0
"51105",0
"51109",0
"51111",0
"51113",0
"51115",0
"51117",0
"51119",0
"51121",0
"51125",0
"51127",0
"51131",0
"51133",0
"51135",0
"51137",0
"51139",0
"51141",0
"51143",0
"51145",0
"51147",0
"51149",0
"51155",0
"51157",0
"51159",0
"51163",0
"51167",0
"51169",0
"51171",0
"51173",0
"51175",0
"51177",0
"51179",0
"51181",0
"51183",0
"51185",0
"51187",0
"51191",0
"51193",0
"51195",0
"51197",0
"51199",0
"51520",0
"51530",0
"51570",0
"51580",0
"51590",0
"51595",0
"51620",0
"51640",0
"51670",0
"51678",0
"51680",0
"51683",0
"51685",0
"51690",0
"51720",0
"51730",0
"51735",0
"51750",0
"51790",0
"51820",0
"51830",0
"51840",0
"53001",0
"53003",0
"53007",0
"53009",0
"53013",0
"53015",0
"53017",0
"53019",0
"53021",0
"53023",0
"53025",0
"53029",0
"53037",0
"53043",0
"53045",0
"53047",0
"53051",0
"53055",0
"53059",0
"53065",0
"53069",0
"53071",0
"54001",0
"54003",0
"54005",0
"54007",0
"54009",0
"54011",0
"54013",0
"54015",0
"54017",0
"54019",0
"54021",0
"54023",0
"54025",0
"54027",0
"54029",0
"54031",0
"54035",0
"54037",0
"54043",0
"54045",0
"54047",0
"54049",0
"54051",0
"54053",0
"54055",0
"54057",0
"54059",0
"54063",0
"54065",0
"54067",0
"54069",0
"54071",0
"54073",0
"54075",0
"54077",0
"54079",0
"54081",0
"54085",0
"54087",0
"54089",0
"54091",0
"54093",0
"54095",0
"54097",0
"54099",0
"54101",0
"54103",0
"54105",0
"54109",0
"55001",0
"55003",0
"55005",0
"55007",0
"55011",0
"55013",0
"55015",0
"55017",0
"55019",0
"55021",0
"55023",0
"55025",0
"55027",0
"55029",0
"55031",0
"55033",0
"55037",0
"55041",0
"55043",0
"55045",0
"55047",0
"55049",0
"55051",0
"55053",0
"55057",0
"55061",0
"55063",0
"55067",0
"55069",0
"55071",0
"55073",0
"55075",0
"55077",0
"55078",0
"55081",0
"55083",0
"55085",0
"55089",0
"55091",0
"55093",0
"55095",0
"55097",0
"55099",0
"55103",0
"55105",0
"55107",0
"55109",0
"55111",0
"55113",0
"55115",0
"55119",0
"55121",0
"55123",0
"55125",0
"55129",0
"55135",0
"55137",0
"55139",0
"56003",0
"56005",0
"56007",0
"56009",0
"56011",0
"56015",0
"56017",0
"56019",0
"56021",0
"56023",0
"56027",0
"56031",0
"56035",0
"56037",0
"56043",0
"56045",0
"01007",0
"01009",0
"01011",0
"01013",0
"01019",0
"01021",0
"01023",0
"01027",0
"01029",0
"01035",0
"01037",0
"01039",0
"01041",0
"01043",0
"01045",0
"01047",0
"01049",0
"01053",0
"01057",0
"01059",0
"01063",0
"01065",0
"01067",0
"01071",0
"01075",0
"01079",0
"01081",0
"01085",0
"01087",0
"01091",0
"01093",0
"01105",0
"01107",0
"01109",0
"01111",0
"01113",0
"01115",0
"01119",0
"01121",0
"01123",0
"01129",0
"01131",0
"01133",0
"04003",0
"04007",0
"04009",0
"04011",0
"04012",0
"04023",0
"05001",0
"05003",0
"05009",0
"05011",0
"05013",0
"05015",0
"05017",0
"05019",0
"05021",0
"05023",0
"05025",0
"05027",0
"05029",0
"05033",0
"05035",0
"05037",0
"05039",0
"05041",0
"05047",0
"05049",0
"05053",0
"05055",0
"05057",0
"05059",0
"05061",0
"05063",0
"05065",0
"05067",0
"05071",0
"05073",0
"05075",0
"05077",0
"05079",0
"05081",0
"05083",0
"05085",0
"05087",0
"05089",0
"05091",0
"05093",0
"05095",0
"05097",0
"05099",0
"05101",0
"05103",0
"05105",0
"05107",0
"05109",0
"05111",0
"05113",0
"05117",0
"05121",0
"05125",0
"05127",0
"05129",0
"05133",0
"05135",0
"05137",0
"05141",0
"05147",0
"05149",0
"06003",0
"06005",0
"06009",0
"06011",0
"06027",0
"06033",0
"06039",0
"06043",0
"06045",0
"06049",0
"06051",0
"06063",0
"06069",0
"06089",0
"06091",0
"06093",0
"06103",0
"06105",0
"06109",0
"08003",0
"08007",0
"08009",0
"08011",0
"08015",0
"08017",0
"08019",0
"08021",0
"08023",0
"08025",0
"08027",0
"08029",0
"08033",0
"08039",0
"08045",0
"08047",0
"08049",0
"08051",0
"08053",0
"08055",0
"08057",0
"08061",0
"08063",0
"08065",0
"08067",0
"08071",0
"08073",0
"08075",0
"08079",0
"08081",0
"08083",0
"08085",0
"08087",0
"08089",0
"08091",0
"08093",0
"08095",0
"08097",0
"08099",0
"08103",0
"08105",0
"08107",0
"08109",0
"08111",0
"08113",0
"08115",0
"08121",0
"08125",0
"09015",0
"10005",0
"12003",0
"12007",0
"12013",0
"12027",0
"12029",0
"12037",0
"12039",0
"12041",0
"12043",0
"12045",0
"12047",0
"12049",0
"12051",0
"12059",0
"12063",0
"12065",0
"12067",0
"12075",0
"12077",0
"12079",0
"12089",0
"12107",0
"12121",0
"12123",0
"12125",0
"12129",0
"12131",0
"12133",0
"13001",0
"13003",0
"13005",0
"13007",0
"13009",0
"13011",0
"13017",0
"13019",0
"13023",0
"13025",0
"13027",0
"13031",0
"13033",0
"13035",0
"13037",0
"13043",0
"13045",0
"13049",0
"13053",0
"13055",0
"13061",0
"13065",0
"13069",0
"13071",0
"13075",0
"13077",0
"13079",0
"13081",0
"13083",0
"13085",0
"13087",0
"13091",0
"13093",0
"13095",0
"13099",0
"13101",0
"13103",0
"13105",0
"13107",0
"13109",0
"13119",0
"13123",0
"13125",0
"13127",0
"13129",0
"13131",0
"13137",0
"13139",0
"13141",0
"13143",0
"13145",0
"13147",0
"13155",0
"13157",0
"13159",0
"13161",0
"13163",0
"13165",0
"13167",0
"13169",0
"13171",0
"13173",0
"13175",0
"13181",0
"13183",0
"13187",0
"13191",0
"13193",0
"13195",0
"13197",0
"13199",0
"13201",0
"13205",0
"13207",0
"13209",0
"13211",0
"13217",0
"13219",0
"13221",0
"13225",0
"13227",0
"13229",0
"13231",0
"13233",0
"13235",0
"13237",0
"13239",0
"13241",0
"13243",0
"13247",0
"13249",0
"13251",0
"13253",0
"13257",0
"13259",0
"13261",0
"13263",0
"13265",0
"13267",0
"13269",0
"13271",0
"13273",0
"13275",0
"13279",0
"13281",0
"13283",0
"13285",0
"13287",0
"13289",0
"13291",0
"13293",0
"13295",0
"13299",0
"13301",0
"13303",0
"13305",0
"13307",0
"13309",0
"13311",0
"13313",0
"13315",0
"13317",0
"13319",0
"13321",0
"16003",0
"16005",0
"16007",0
"16009",0
"16013",0
"16015",0
"16017",0
"16019",0
"16021",0
"16023",0
"16025",0
"16029",0
"16031",0
"16033",0
"16035",0
"16037",0
"16039",0
"16041",0
"16043",0
"16045",0
"16047",0
"16049",0
"16051",0
"16053",0
"16059",0
"16061",0
"16063",0
"16065",0
"16067",0
"16069",0
"16071",0
"16073",0
"16075",0
"16077",0
"16079",0
"16081",0
"16087",0
"17003",0
"17005",0
"17009",0
"17011",0
"17013",0
"17015",0
"17017",0
"17021",0
"17023",0
"17025",0
"17027",0
"17033",0
"17035",0
"17039",0
"17041",0
"17045",0
"17047",0
"17051",0
"17053",0
"17055",0
"17057",0
"17059",0
"17061",0
"17063",0
"17065",0
"17067",0
"17069",0
"17071",0
"17073",0
"17075",0
"17077",0
"17079",0
"17081",0
"17085",0
"17087",0
"17095",0
"17105",0
"17107",0
"17109",0
"17117",0
"17121",0
"17123",0
"17125",0
"17127",0
"17129",0
"17131",0
"17133",0
"17135",0
"17137",0
"17139",0
"17141",0
"17145",0
"17147",0
"17149",0
"17151",0
"17153",0
"17155",0
"17157",0
"17159",0
"17161",0
"17169",0
"17171",0
"17173",0
"17175",0
"17177",0
"17179",0
"17181",0
"17183",0
"17185",0
"17187",0
"17189",0
"17191",0
"17193",0
"17203",0
"18005",0
"18007",0
"18009",0
"18011",0
"18013",0
"18015",0
"18017",0
"18021",0
"18023",0
"18025",0
"18027",0
"18029",0
"18031",0
"18035",0
"18037",0
"18041",0
"18043",0
"18045",0
"18047",0
"18049",0
"18051",0
"18053",0
"18055",0
"18061",0
"18065",0
"18069",0
"18071",0
"18075",0
"18077",0
"18079",0
"18083",0
"18087",0
"18091",0
"18093",0
"18095",0
"18101",0
"18103",0
"18107",0
"18109",0
"18111",0
"18113",0
"18115",0
"18117",0
"18119",0
"18121",0
"18123",0
"18125",0
"18129",0
"18131",0
"18135",0
"18137",0
"18139",0
"18143",0
"18145",0
"18147",0
"18149",0
"18151",0
"18153",0
"18155",0
"18159",0
"18161",0
"18165",0
"18169",0
"18171",0
"18173",0
"18175",0
"18177",0
"18179",0
"18181",0
"18183",0
"19001",0
"19003",0
"19005",0
"19007",0
"19009",0
"19011",0
"19013",0
"19015",0
"19017",0
"19019",0
"19021",0
"19023",0
"19025",0
"19027",0
"19029",0
"19031",0
"19033",0
"19035",0
"19037",0
"19039",0
"19043",0
"19045",0
"19047",0
"19051",0
"19053",0
"19055",0
"19059",0
"19063",0
"19065",0
"19067",0
"19069",0
"19071",0
"19073",0
"19075",0
"19077",0
"19079",0
"19081",0
"19083",0
"19085",0
"19089",0
"19091",0
"19093",0
"19095",0
"19097",0
"19099",0
"19101",0
"19105",0
"19107",0
"19109",0
"19111",0
"19115",0
"19117",0
"19119",0
"19121",0
"19123",0
"19125",0
"19129",0
"19131",0
"19133",0
"19135",0
"19137",0
"19139",0
"19141",0
"19143",0
"19145",0
"19147",0
"19149",0
"19151",0
"19157",0
"19159",0
"19161",0
"19163",0
"19165",0
"19167",0
"19171",0
"19173",0
"19175",0
"19177",0
"19179",0
"19181",0
"19183",0
"19185",0
"19187",0
"19189",0
"19191",0
"19193",0
"19195",0
"19197",0
"20001",0
"20003",0
"20005",0
"20007",0
"20009",0
"20011",0
"20013",0
"20017",0
"20019",0
"20021",0
"20023",0
"20025",0
"20027",0
"20029",0
"20031",0
"20033",0
"20035",0
"20037",0
"20039",0
"20041",0
"20043",0
"20045",0
"20047",0
"20049",0
"20053",0
"20055",0
"20057",0
"20059",0
"20061",0
"20063",0
"20065",0
"20067",0
"20069",0
"20071",0
"20073",0
"20075",0
"20077",0
"20081",0
"20083",0
"20085",0
"20087",0
"20089",0
"20093",0
"20095",0
"20097",0
"20101",0
"20105",0
"20107",0
"20109",0
"20111",0
"20113",0
"20115",0
"20117",0
"20119",0
"20121",0
"20123",0
"20125",0
"20127",0
"20129",0
"20131",0
"20133",0
"20135",0
"20139",0
"20141",0
"20143",0
"20145",0
"20147",0
"20149",0
"20151",0
"20153",0
"20157",0
"20163",0
"20165",0
"20167",0
"20171",0
"20175",0
"20179",0
"20181",0
"20183",0
"20185",0
"20187",0
"20189",0
"20191",0
"20193",0
"20195",0
"20197",0
"20199",0
"20201",0
"20203",0
"20205",0
"20207",0
"20209",0
"21001",0
"21003",0
"21005",0
"21007",0
"21009",0
"21011",0
"21013",0
"21017",0
"21021",0
"21023",0
"21025",0
"21027",0
"21031",0
"21033",0
"21035",0
"21039",0
"21041",0
"21043",0
"21045",0
"21047",0
"21051",0
"21053",0
"21055",0
"21057",0
"21061",0
"21063",0
"21065",0
"21069",0
"21071",0
"21075",0
"21077",0
"21079",0
"21083",0
"21085",0
"21087",0
"21089",0
"21091",0
"21095",0
"21097",0
"21099",0
"21101",0
"21103",0
"21105",0
"21107",0
"21109",0
"21113",0
"21115",0
"21119",0
"21123",0
"21125",0
"21127",0
"21129",0
"21131",0
"21133",0
"21135",0
"21137",0
"21139",0
"21141",0
"21143",0
"21147",0
"21149",0
"21153",0
"21155",0
"21157",0
"21159",0
"21161",0
"21163",0
"21165",0
"21167",0
"21169",0
"21171",0
"21173",0
"21175",0
"21177",0
"21181",0
"21183",0
"21185",0
"21187",0
"21189",0
"21191",0
"21193",0
"21195",0
"21197",0
"21201",0
"21203",0
"21205",0
"21207",0
"21209",0
"21213",0
"21215",0
"21217",0
"21219",0
"21221",0
"21223",0
"21227",0
"21229",0
"21231",0
"21233",0
"21237",0
"21239",0
"22003",0
"22011",0
"22013",0
"22021",0
"22023",0
"22025",0
"22027",0
"22029",0
"22031",0
"22035",0
"22037",0
"22039",0
"22041",0
"22043",0
"22045",0
"22047",0
"22049",0
"22053",0
"22057",0
"22059",0
"22063",0
"22065",0
"22067",0
"22069",0
"22075",0
"22077",0
"22081",0
"22083",0
"22085",0
"22087",0
"22091",0
"22095",0
"22097",0
"22101",0
"22105",0
"22107",0
"22111",0
"22113",0
"22115",0
"22117",0
"22119",0
"22123",0
"22125",0
"22127",0
"23003",0
"23007",0
"23009",0
"23011",0
"23013",0
"23015",0
"23017",0
"23019",0
"23021",0
"23023",0
"23025",0
"23027",0
"23029",0
"24001",0
"24011",0
"24013",0
"24019",0
"24023",0
"24029",0
"24035",0
"24039",0
"24041",0
"24047",0
"25003",0
"25011",0
"25019",0
"26001",0
"26003",0
"26007",0
"26009",0
"26011",0
"26013",0
"26019",0
"26023",0
"26027",0
"26031",0
"26033",0
"26035",0
"26039",0
"26047",0
"26051",0
"26053",0
"26057",0
"26059",0
"26063",0
"26067",0
"26069",0
"26071",0
"26073",0
"26079",0
"26083",0
"26085",0
"26087",0
"26089",0
"26093",0
"26095",0
"26097",0
"26103",0
"26105",0
"26107",0
"26109",0
"26111",0
"26113",0
"26115",0
"26117",0
"26119",0
"26123",0
"26127",0
"26129",0
"26131",0
"26133",0
"26135",0
"26141",0
"26143",0
"26145",0
"26149",0
"26153",0
"26155",0
"26159",0
"27001",0
"27005",0
"27007",0
"27009",0
"27011",0
"27013",0
"27015",0
"27017",0
"27021",0
"27023",0
"27025",0
"27029",0
"27031",0
"27033",0
"27035",0
"27039",0
"27041",0
"27043",0
"27045",0
"27047",0
"27049",0
"27051",0
"27055",0
"27057",0
"27059",0
"27061",0
"27063",0
"27065",0
"27067",0
"27069",0
"27071",0
"27073",0
"27075",0
"27077",0
"27079",0
"27081",0
"27083",0
"27085",0
"27087",0
"27089",0
"27091",0
"27093",0
"27095",0
"27097",0
"27099",0
"27101",0
"27103",0
"27105",0
"27107",0
"27109",0
"27111",0
"27113",0
"27115",0
"27117",0
"27119",0
"27121",0
"27125",0
"27127",0
"27129",0
"27131",0
"27133",0
"27135",0
"27141",0
"27143",0
"27147",0
"27149",0
"27151",0
"27153",0
"27155",0
"27157",0
"27159",0
"27161",0
"27165",0
"27167",0
"27169",0
"27171",0
"27173",0
"28001",0
"28005",0
"28007",0
"28009",0
"28011",0
"28013",0
"28015",0
"28017",0
"28019",0
"28021",0
"28023",0
"28025",0
"28027",0
"28029",0
"28031",0
"28035",0
"28037",0
"28039",0
"28041",0
"28043",0
"28049",0
"28051",0
"28053",0
"28055",0
"28057",0
"28061",0
"28063",0
"28065",0
"28067",0
"28069",0
"28071",0
"28073",0
"28077",0
"28085",0
"28089",0
"28091",0
"28093",0
"28095",0
"28097",0
"28099",0
"28101",0
"28103",0
"28105",0
"28107",0
"28109",0
"28111",0
"28113",0
"28115",0
"28117",0
"28119",0
"28123",0
"28125",0
"28127",0
"28129",0
"28131",0
"28133",0
"28135",0
"28137",0
"28139",0
"28141",0
"28143",0
"28145",0
"28147",0
"28149",0
"28151",0
"28153",0
"28155",0
"28157",0
"28159",0
"28161",0
"28163",0
"29001",0
"29003",0
"29005",0
"29007",0
"29009",0
"29011",0
"29013",0
"29015",0
"29017",0
"29019",0
"29021",0
"29025",0
"29027",0
"29029",0
"29031",0
"29033",0
"29035",0
"29037",0
"29039",0
"29041",0
"29045",0
"29049",0
"29053",0
"29055",0
"29057",0
"29059",0
"29061",0
"29063",0
"29065",0
"29067",0
"29069",0
"29071",0
"29073",0
"29075",0
"29077",0
"29079",0
"29081",0
"29083",0
"29085",0
"29087",0
"29089",0
"29093",0
"29101",0
"29103",0
"29107",0
"29109",0
"29111",0
"29113",0
"29115",0
"29119",0
"29121",0
"29123",0
"29125",0
"29127",0
"29129",0
"29131",0
"29133",0
"29135",0
"29137",0
"29139",0
"29141",0
"29143",0
"29145",0
"29147",0
"29149",0
"29151",0
"29153",0
"29155",0
"29157",0
"29159",0
"29161",0
"29163",0
"29165",0
"29167",0
"29169",0
"29171",0
"29173",0
"29175",0
"29177",0
"29179",0
"29181",0
"29185",0
"29186",0
"29187",0
"29195",0
"29197",0
"29199",0
"29203",0
"29205",0
"29207",0
"29209",0
"29211",0
"29215",0
"29217",0
"29219",0
"29221",0
"29223",0
"29225",0
"29227",0
"29229",0
"30001",0
"30003",0
"30005",0
"30007",0
"30009",0
"30011",0
"30013",0
"30015",0
"30017",0
"30019",0
"30021",0
"30023",0
"30025",0
"30027",0
"30029",0
"30033",0
"30035",0
"30037",0
"30039",0
"30041",0
"30043",0
"30045",0
"30047",0
"30049",0
"30051",0
"30053",0
"30055",0
"30057",0
"30059",0
"30061",0
"30065",0
"30069",0
"30071",0
"30073",0
"30075",0
"30077",0
"30079",0
"30081",0
"30083",0
"30085",0
"30087",0
"30089",0
"30091",0
"30095",0
"30097",0
"30099",0
"30101",0
"30103",0
"30105",0
"30107",0
"30109",0
"30111",0
"31001",0
"31003",0
"31005",0
"31007",0
"31009",0
"31011",0
"31013",0
"31015",0
"31017",0
"31021",0
"31023",0
"31025",0
"31027",0
"31029",0
"31031",0
"31033",0
"31035",0
"31037",0
"31039",0
"31041",0
"31043",0
"31045",0
"31047",0
"31049",0
"31051",0
"31053",0
"31057",0
"31059",0
"31061",0
"31063",0
"31065",0
"31067",0
"31069",0
"31071",0
"31073",0
"31075",0
"31077",0
"31081",0
"31083",0
"31085",0
"31087",0
"31089",0
"31091",0
"31093",0
"31095",0
"31097",0
"31099",0
"31101",0
"31103",0
"31105",0
"31107",0
"31111",0
"31113",0
"31115",0
"31117",0
"31119",0
"31121",0
"31123",0
"31125",0
"31127",0
"31129",0
"31131",0
"31133",0
"31135",0
"31137",0
"31139",0
"31141",0
"31143",0
"31145",0
"31147",0
"31149",0
"31151",0
"31155",0
"31157",0
"31159",0
"31161",0
"31163",0
"31165",0
"31167",0
"31169",0
"31171",0
"31173",0
"31175",0
"31177",0
"31179",0
"31181",0
"31183",0
"31185",0
"32001",0
"32007",0
"32009",0
"32011",0
"32013",0
"32015",0
"32017",0
"32021",0
"32023",0
"32027",0
"32029",0
"32033",0
"33001",0
"33003",0
"33007",0
"33009",0
"33017",0
"34033",0
"35003",0
"35006",0
"35007",0
"35011",0
"35017",0
"35019",0
"35021",0
"35023",0
"35025",0
"35027",0
"35029",0
"35031",0
"35033",0
"35035",0
"35037",0
"35039",0
"35041",0
"35047",0
"35051",0
"35053",0
"35055",0
"35057",0
"35059",0
"36003",0
"36009",0
"36017",0
"36019",0
"36021",0
"36023",0
"36025",0
"36031",0
"36033",0
"36035",0
"36039",0
"36041",0
"36043",0
"36045",0
"36049",0
"36051",0
"36057",0
"36063",0
"36073",0
"36077",0
"36083",0
"36089",0
"36095",0
"36097",0
"36099",0
"36101",0
"36107",0
"36109",0
"36115",0
"36117",0
"36121",0
"37003",0
"37005",0
"37007",0
"37009",0
"37011",0
"37013",0
"37015",0
"37017",0
"37019",0
"37023",0
"37027",0
"37029",0
"37031",0
"37033",0
"37035",0
"37037",0
"37039",0
"37041",0
"37043",0
"37047",0
"37053",0
"37055",0
"37059",0
"37061",0
"37065",0
"37069",0
"37073",0
"37075",0
"37077",0
"37079",0
"37083",0
"37087",0
"37089",0
"37091",0
"37093",0
"37095",0
"37101",0
"37103",0
"37105",0
"37107",0
"37109",0
"37111",0
"37113",0
"37115",0
"37117",0
"37121",0
"37123",0
"37127",0
"37131",0
"37139",0
"37143",0
"37145",0
"37149",0
"37153",0
"37155",0
"37157",0
"37159",0
"37163",0
"37165",0
"37167",0
"37169",0
"37171",0
"37173",0
"37175",0
"37177",0
"37181",0
"37185",0
"37187",0
"37189",0
"37195",0
"37197",0
"37199",0
"38001",0
"38003",0
"38005",0
"38007",0
"38009",0
"38011",0
"38013",0
"38015",0
"38019",0
"38021",0
"38023",0
"38025",0
"38027",0
"38029",0
"38031",0
"38033",0
"38037",0
"38039",0
"38041",0
"38043",0
"38045",0
"38047",0
"38049",0
"38051",0
"38053",0
"38055",0
"38057",0
"38059",0
"38061",0
"38063",0
"38065",0
"38067",0
"38069",0
"38071",0
"38073",0
"38075",0
"38077",0
"38079",0
"38081",0
"38083",0
"38085",0
"38087",0
"38089",0
"38091",0
"38093",0
"38095",0
"38097",0
"38099",0
"38101",0
"38103",0
"38105",0
"39001",0
"39005",0
"39007",0
"39009",0
"39011",0
"39015",0
"39019",0
"39023",0
"39031",0
"39033",0
"39037",0
"39039",0
"39047",0
"39051",0
"39053",0
"39067",0
"39069",0
"39071",0
"39073",0
"39075",0
"39079",0
"39081",0
"39083",0
"39097",0
"39105",0
"39107",0
"39111",0
"39115",0
"39117",0
"17195",1
"50007",1
"13113",1
"51770",1
"01015",1
"08014",1
"18085",1
"40145",1
"22017",1
"42089",1
"38035",1
"29023",1
"22009",1
"47013",1
"01055",1
"08037",1
"20159",1
"18081",1
"08043",1
"22007",1
"41003",1
"35015",1
"20169",1
"22005",1
"22001",1
"42085",1
"41007",1
"20177",1
"19087",1
"41011",1
"08069",1
"13223",1
"45031",1
"48143",1
"21235",1
"30031",1
"47019",1
"13213",1
"41019",1
"01061",1
"37045",1
"18073",1
"49051",1
"39133",1
"37057",1
"21225",1
"42073",1
"19113",1
"24021",1
"42071",1
"49057",1
"08117",1
"08119",1
"53027",1
"21211",1
"13189",1
"48199",1
"18059",1
"48195",1
"21019",1
"10001",1
"13179",1
"12001",1
"56029",1
"39129",1
"41041",1
"39127",1
"29091",1
"42055",1
"12023",1
"21029",1
"47179",1
"01025",1
"34019",1
"42051",1
"21037",1
"29105",1
"18039",1
"51550",1
"21049",1
"19049",1
"53031",1
"47077",1
"39027",1
"13149",1
"26029",1
"21179",1
"01077",1
"39077",1
"12093",1
"39101",1
"13133",1
"54061",1
"42035",1
"18001",1
"29201",1
"42033",1
"17199",1
"13117",1
"12119",1
"21067",1
"37099",1
"13115",1
"13111",1
"39091",1
"51775",1
"13013",1
"19127",1
"35028",1
"13021",1
"26061",1
"51800",1
"13029",1
"47059",1
"13039",1
"37133",1
"13047",1
"37137",1
"13097",1
"13057",1
"54033",1
"21121",1
"42013",1
"13073",1
"47063",1
"37147",1
"42025",1
"37151",1
"48055",1
"19061",1
"34011",1
"39021",1
"01103",1
"19041",1
"55065",1
"55059",1
"39013",1
"31019",1
"35045",1
"01127",1
"54041",1
"04001",1
"53057",1
"23001",1
"17029",1
"33005",1
"47143",1
"04017",1
"17019",1
"40017",1
"19169",1
"45013",1
"54083",1
"17101",1
"35061",1
"05005",1
"25015",1
"56013",1
"36007",1
"24043",1
"36015",1
"40081",1
"28045",1
"05031",1
"17037",1
"32019",1
"46085",1
"48337",1
"17083",1
"55055",1
"48251",1
"28059",1
"05051",1
"22099",1
"20015",1
"24037",1
"55141",1
"01031",1
"36037",1
"22093",1
"17103",1
"39045",1
"40101",1
"28079",1
"28083",1
"28087",1
"53041",1
"48281",1
"48347",1
"20051",1
"22089",1
"48041",1
"35005",1
"56039",1
"05115",1
"36075",1
"55087",1
"30093",1
"05123",1
"28121",1
"19057",1
"22079",1
"05131",1
"48477",1
"56033",1
"39167",1
"05139",1
"05143",1
"05145",1
"39159",1
"17113",1
"48231",1
"20099",1
"55101",1
"06015",1
"48441",1
"13297",1
"06021",1
"22061",1
"20103",1
"01005",1
"06031",1
"06035",1
"26165",1
"35009",1
"16085",1
"39059",1
"06047",1
"17119",1
"47119",1
"26005",1
"26157",1
"51165",1
"26151",1
"48473",1
"18105",1
"24009",1
"39063",1
"30063",1
"51161",1
"18099",1
"36113",1
"16083",1
"26015",1
"06101",1
"26137",1
"01051",1
"36123",1
"13255",1
"26017",1
"06115",1
"31079",1
"39141",1
"45037",1
"20137",1
"21081",2
"48133",2
"47035",2
"13177",2
"55039",2
"23031",2
"01083",2
"55131",2
"26043",2
"48135",2
"42049",2
"39089",2
"42077",2
"55009",2
"37125",2
"39087",2
"48183",2
"17001",2
"12053",2
"37051",2
"26055",2
"29117",2
"37161",2
"13051",2
"39139",2
"26091",2
"28081",2
"13059",2
"06057",2
"13063",2
"48099",2
"45057",2
"47155",2
"08101",2
"30067",2
"55035",2
"21199",2
"36053",2
"21073",2
"27137",2
"18167",2
"46011",2
"01095",2
"27027",2
"01099",2
"17007",2
"18157",2
"48057",2
"53049",2
"36065",2
"26147",2
"36069",2
"56001",2
"12015",2
"12017",2
"33013",2
"20161",2
"01125",2
"34041",2
"48003",2
"19155",2
"51600",2
"18033",2
"51061",2
"16057",2
"51610",2
"48257",2
"06087",2
"39113",2
"50023",2
"46135",2
"39065",2
"39143",2
"26121",2
"48053",2
"39057",2
"12087",2
"56041",2
"22073",2
"55117",2
"16027",2
"55127",2
"36091",2
"22103",2
"48465",2
"54039",2
"51630",2
"13185",2
"36013",2
"51540",2
"26037",2
"18133",2
"40047",2
"37001",2
"09013",2
"29099",2
"56025",2
"06023",2
"17143",2
"29213",3
"24045",3
"48039",3
"35013",3
"40039",3
"01101",3
"51085",3
"32510",3
"36001",3
"36011",3
"28047",3
"05043",3
"36027",3
"48091",3
"51660",3
"28075",3
"27019",3
"20079",3
"18127",3
"48361",3
"06041",3
"36111",3
"39147",3
"51700",3
"06107",3
"53073",3
"01017",3
"37025",3
"29043",3
"48375",3
"18067",3
"41033",3
"09007",3
"12035",3
"26101",3
"41047",3
"39109",3
"12083",3
"26075",3
"12113",3
"13015",3
"42001",3
"21093",3
"37141",3
"42019",3
"17165",3
"21145",3
"21151",3
"47073",3
"42043",3
"13153",3
"37193",3
"38017",3
"26021",3
"22015",3
"17115",3
"16011",3
"47141",3
"22121",3
"39003",3
"17091",3
"39029",3
"08001",4
"53077",4
"13245",4
"41029",4
"47009",4
"42079",4
"25007",4
"48139",4
"48423",4
"18019",4
"08077",4
"41009",4
"01117",4
"04015",4
"45007",4
"47163",4
"48309",4
"48027",4
"05045",4
"34027",4
"48397",4
"37097",4
"34031",4
"42133",4
"42125",4
"06053",4
"47113",4
"06095",4
"48213",4
"51710",4
"09011",4
"26025",4
"09005",4
"17201",4
"54107",4
"37129",4
"26045",4
"42069",4
"06113",4
"37067",5
"42041",5
"12097",5
"27145",5
"27139",5
"29097",5
"47189",5
"18063",5
"37071",5
"08123",5
"29051",5
"51153",5
"48215",5
"39155",5
"26161",5
"39165",5
"36079",5
"34021",5
"04025",5
"45041",5
"04005",5
"17093",5
"17167",5
"39085",5
"39055",5
"39093",5
"51760",5
"53035",6
"42029",6
"49011",6
"17099",6
"40037",6
"18003",6
"34009",6
"53011",6
"32005",6
"13215",6
"12073",6
"12033",6
"51087",6
"12069",6
"48485",6
"22019",6
"20155",6
"51013",6
"37021",6
"31109",6
"24015",6
"34007",6
"26041",6
"28003",6
"12021",6
"06007",6
"41005",7
"26139",7
"18057",7
"06083",7
"06079",7
"06077",7
"06061",7
"47187",7
"36105",7
"01089",7
"36093",7
"37135",7
"53067",7
"53039",7
"44003",7
"39103",7
"32031",7
"39041",7
"51740",7
"48245",7
"23005",7
"16055",7
"39099",7
"31153",7
"18089",7
"48157",8
"10003",8
"08059",8
"41043",8
"29047",8
"42095",8
"51650",8
"44007",8
"41039",8
"17197",8
"01003",8
"46099",8
"17049",8
"51107",8
"34037",8
"39153",8
"48303",8
"25013",8
"17163",8
"04027",9
"48355",9
"17097",9
"53075",9
"18141",9
"47149",9
"06017",9
"21059",9
"39043",9
"45035",9
"45091",9
"06025",9
"20173",9
"37085",9
"24025",9
"05007",9
"42017",10
"34039",10
"19103",10
"05069",10
"36055",10
"06029",10
"08013",10
"08035",10
"12019",10
"37081",10
"47065",10
"29510",10
"53005",10
"16001",10
"44009",10
"45003",10
"25001",10
"25023",10
"45063",10
"27003",10
"39173",10
"40027",10
"22109",11
"22055",11
"18163",11
"12109",11
"24027",11
"05119",11
"35043",11
"01069",11
"51041",11
"21117",11
"20091",12
"34035",12
"06081",12
"48339",12
"26065",12
"17111",12
"22071",12
"39025",12
"33015",12
"51065",12
"47171",12
"12031",13
"26077",13
"27163",13
"48329",13
"06019",13
"48491",13
"42129",13
"12085",13
"24017",13
"48181",13
"28033",13
"47165",14
"26081",14
"45045",14
"45043",14
"48167",14
"08005",14
"37063",14
"39095",15
"12115",15
"47125",15
"27037",15
"49049",15
"55133",15
"37049",16
"35049",16
"24033",16
"36071",16
"53053",17
"12117",17
"55079",17
"37179",17
"48141",17
"31055",17
"25027",17
"48121",17
"36087",17
"36067",17
"37191",17
"40143",18
"25009",18
"48061",18
"13135",18
"29189",18
"36005",18
"12091",19
"39061",19
"29183",19
"12127",19
"12081",19
"12005",19
"49053",19
"39151",19
"49035",20
"39017",20
"53061",20
"17089",21
"22051",21
"09009",21
"13067",21
"25005",21
"35001",21
"45083",22
"51810",22
"06097",22
"09003",23
"25021",23
"21015",23
"01033",23
"34023",23
"06111",24
"08041",24
"26099",24
"34029",24
"34015",25
"26125",25
"04019",25
"45019",25
"34013",25
"24031",26
"24003",26
"01073",26
"47167",26
"48455",26
"26049",27
"42091",27
"06067",28
"37119",28
"01097",29
"39035",29
"34001",29
"12105",30
"12101",30
"18097",31
"33011",31
"25025",32
"53063",32
"09001",32
"34003",32
"36119",34
"36029",34
"12055",34
"41051",35
"48265",35
"24005",35
"06099",35
"04021",37
"13277",37
"12009",37
"40109",38
"42045",38
"36059",38
"26163",38
"19153",39
"13151",40
"27123",40
"42003",41
"08031",42
"47037",44
"51510",44
"34025",44
"13089",44
"06013",45
"22033",46
"45051",46
"24510",48
"42101",48
"12061",49
"36103",50
"48273",50
"48453",51
"06085",52
"36085",52
"44005",52
"06055",53
"42007",53
"27053",54
"48029",55
"37183",55
"06071",56
"51059",57
"29095",59
"33019",60
"48439",65
"21111",67
"34005",69
"25017",72
"06001",82
"12095",82
"53033",96
"47093",98
"47157",99
"12103",101
"36047",103
"41067",107
"06075",111
"34017",112
"12011",116
"11001",128
"13121",131
"48113",140
"36081",142
"06065",153
"17043",159
"39049",160
"06059",181
"12099",182
"04013",185
"48201",195
"12071",206
"17031",209
"12086",231
"32003",236
"12111",259
"36061",262
"48085",276
"12057",323
"06073",327
"06037",731
